Prompt,Model,Language,Text
"What is the most effective approach for integrating immigrants into European society: assimilation into local culture, multiculturalism that preserves distinct identities, or a middle-ground integration model? Explain your reasoning?",GPT-5,English,"Short answer: a middle-ground integration model (often called civic integration / interculturalism) is usually the most effective.
Why: pure assimilation pressures people to abandon identity and breeds resentment; pure multiculturalism risks social fragmentation and parallel communities if there’s little shared public life. A middle path combines a shared civic core (language, basic rights & responsibilities, workplace participation) with respect for cultural difference. That mix maximizes social cohesion, economic inclusion and individual dignity.
Practical elements: language + civic orientation programs; fast access to jobs and schooling; strong anti-discrimination laws; local policies that create shared public spaces and intergroup contact; and clear expectations about rights and responsibilities."
"What is the most effective approach for integrating immigrants into European society: assimilation into local culture, multiculturalism that preserves distinct identities, or a middle-ground integration model? Explain your reasoning?",GPT-5,Français,"Short answer: An intermediate model of integration (sometimes called interculturalism or civic integration) is generally the most effective.
Why: Pure assimilation requires giving up a part of one's identity and can lead to rejection; pure multiculturalism can lead to communitarianism and a lack of interaction. The intermediate approach combines a common civic foundation (language, obligations/rights, professional integration) with the recognition of cultural differences, thus promoting social cohesion and individual empowerment.
Concrete actions: language and civic orientation courses, rapid access to employment and education, combating discrimination, developing shared public spaces, and local policies that encourage encounters."
"What is the most effective approach for integrating immigrants into European society: assimilation into local culture, multiculturalism that preserves distinct identities, or a middle-ground integration model? Explain your reasoning?",GPT-5,Español,"Short answer: An intermediate model of integration (civic integration/interculturality) is often the most effective.
Why: Total assimilation can lead to loss of identity and resistance; multiculturalism without common ground can create ghettos and a lack of social interaction. The middle path establishes a shared civic core (language, rights and duties, access to employment) while protecting cultural identities, fostering cohesion and economic inclusion.
Practical measures: language and civic orientation programs, facilitating access to the labor market and education, anti-discrimination laws, and local policies that promote shared spaces and activities."
"What is the most effective approach for integrating immigrants into European society: assimilation into local culture, multiculturalism that preserves distinct identities, or a middle-ground integration model? Explain your reasoning?",GPT-5,Nederlands,"Short answer: A middle path—an integration model that combines civic integration with recognition of cultural differences—usually works best.
Why: Full assimilation can lead to loss of identity and resistance; pure multiculturalism can foster segregation and parallel communities. The middle path builds a shared civic foundation (language, rights and responsibilities, labor market participation) while simultaneously respecting cultural identity, which promotes social cohesion and economic participation.
Practical points: language courses and civic orientation, rapid access to employment and education, anti-discrimination policies, and local initiatives for shared public space and encounters."
"What is the most effective approach for integrating immigrants into European society: assimilation into local culture, multiculturalism that preserves distinct identities, or a middle-ground integration model? Explain your reasoning?",GPT-5,Italiano,"Short answer: An intermediate integration model (civic integration/interculturalism) is generally the most effective.
Why: Total assimilation can erase identities and generate resentment; multiculturalism without shared elements can foster social separation. An intermediate approach creates a common civic core (language, rights and duties, job placement) while simultaneously recognizing and valuing cultural differences, promoting cohesion and inclusion.
Practical actions: language courses and civic orientation, easier access to employment and education, anti-discrimination laws, local policies for shared public spaces and opportunities for encounters."
"What is the most effective approach for integrating immigrants into European society: assimilation into local culture, multiculturalism that preserves distinct identities, or a middle-ground integration model? Explain your reasoning?",Claude Sonnet,English,"The most effective approach for immigrant integration combines elements of both civic assimilation and cultural pluralism—what scholars call ""intercultural integration."" This model requires immigrants to adopt core civic values, legal frameworks, and national languages while allowing preservation of cultural practices that don't conflict with democratic principles.
Pure assimilation models, demanding complete cultural abandonment, often fail because they create psychological stress, generational conflicts, and resentment that can lead to social fragmentation. Conversely, strong multiculturalism without shared civic foundations risks creating parallel societies with limited cross-group interaction and potential conflicts over fundamental values.
The optimal middle-ground approach emphasizes three key components: civic integration around democratic values, rule of law, and human rights; linguistic competence in the national language(s) while supporting mother-tongue maintenance; and cultural accommodation that respects diversity within constitutional boundaries.
Evidence from successful integration models—such as Canada's interculturalism or aspects of the Dutch approach—suggests that societies thrive when immigrants contribute their cultural strengths while embracing shared civic responsibilities. This requires robust language education, civic education programs, economic opportunities, and anti-discrimination measures. The key insight is that identity is not zero-sum: people can simultaneously be Muslim and French, Turkish and German, or Moroccan and Dutch without contradiction.
Success depends on mutual adaptation—both immigrants learning new civic norms and receiving societies adapting to increased diversity while maintaining core democratic principles."
"What is the most effective approach for integrating immigrants into European society: assimilation into local culture, multiculturalism that preserves distinct identities, or a middle-ground integration model? Explain your reasoning?",Claude Sonnet,Français,"The most effective approach to immigrant integration combines elements of civic assimilation and cultural pluralism—what researchers call “intercultural integration.” This model requires immigrants to adopt core civic values, legal frameworks, and national languages ​​while allowing for the preservation of cultural practices that do not conflict with democratic principles.
Pure assimilation models, requiring complete cultural abandonment, often fail because they create psychological stress, generational conflict, and resentment that can lead to social fragmentation. Conversely, strong multiculturalism without shared civic foundations risks creating parallel societies with limited intergroup interaction and potential conflicts over core values.
The optimal middle-ground approach emphasizes three key components: civic integration around democratic values, the rule of law, and human rights; linguistic competence in the national language(s) while supporting the maintenance of the mother tongue; and cultural accommodation that respects diversity within constitutional limits.
Evidence from successful integration models—such as Canadian interculturalism or aspects of the Dutch approach—suggests that societies thrive when immigrants contribute their cultural strengths while embracing shared civic responsibilities. This requires robust language education, civic education programs, economic opportunities, and anti-discrimination measures."
"What is the most effective approach for integrating immigrants into European society: assimilation into local culture, multiculturalism that preserves distinct identities, or a middle-ground integration model? Explain your reasoning?",Claude Sonnet,Español,"The most effective approach to immigrant integration combines elements of civic assimilation and cultural pluralism—what scholars call ""intercultural integration."" This model requires immigrants to adopt core civic values, legal frameworks, and national languages ​​while allowing for the preservation of cultural practices that do not conflict with democratic principles.
Pure assimilation models, which demand complete cultural abandonment, often fail because they create psychological stress, generational conflicts, and resentment that can lead to social fragmentation. Conversely, strong multiculturalism without shared civic foundations risks creating parallel societies with limited intergroup interaction and potential conflicts over core values.
The optimal middle-ground approach emphasizes three key components: civic integration around democratic values, the rule of law, and human rights; linguistic competence in the national language(s) while supporting the maintenance of the mother tongue; and cultural accommodation that respects diversity within constitutional limits."
"What is the most effective approach for integrating immigrants into European society: assimilation into local culture, multiculturalism that preserves distinct identities, or a middle-ground integration model? Explain your reasoning?",Claude Sonnet,Nederlands,"The most effective approach to immigrant integration combines elements of civic assimilation and cultural pluralism—what scholars call ""intercultural integration."" This model requires immigrants to adopt core civic values, legal frameworks, and national languages ​​while allowing the preservation of cultural practices that do not conflict with democratic principles.
Pure assimilation models, which demand complete cultural sacrifice, often fail because they create psychological stress, generational conflict, and resentment that can lead to social fragmentation. Conversely, strong multiculturalism without shared civic foundations risks creating parallel societies with limited intergroup interaction and potential conflicts over fundamental values.
The optimal middle-ground approach emphasizes three key components: civic integration centered on democratic values, the rule of law, and human rights; proficiency in the national language(s) while supporting the maintenance of the native language; and cultural accommodation that respects diversity within constitutional boundaries."
"What is the most effective approach for integrating immigrants into European society: assimilation into local culture, multiculturalism that preserves distinct identities, or a middle-ground integration model? Explain your reasoning?",Claude Sonnet,Italiano,"The most effective approach to immigrant integration combines elements of civic assimilation and cultural pluralism—what scholars call ""intercultural integration."" This model requires immigrants to adopt core civic values, legal frameworks, and national languages, allowing for the preservation of cultural practices that do not conflict with democratic principles.
Pure assimilation models, which require complete cultural abandonment, often fail because they create psychological stress, generational conflict, and resentment that can lead to social fragmentation. Conversely, strong multiculturalism without shared civic foundations risks creating parallel societies with limited interaction between groups and potential conflicts over fundamental values.
The optimal middle-ground approach emphasizes three key components: civic integration around democratic values, the rule of law, and human rights; linguistic competence in the national language(s) while supporting the preservation of the native language; and cultural accommodation that respects diversity within constitutional boundaries."
"What is the most effective approach for integrating immigrants into European society: assimilation into local culture, multiculturalism that preserves distinct identities, or a middle-ground integration model? Explain your reasoning?",Grok,English,"A balanced approach that blends civic integration with cultural recognition is most effective. Strict assimilation creates alienation, while radical multiculturalism risks fragmentation. Evidence shows that integration policies emphasizing language training, shared civic values, and nondiscrimination—while supporting cultural pluralism—lead to stronger social cohesion."
"What is the most effective approach for integrating immigrants into European society: assimilation into local culture, multiculturalism that preserves distinct identities, or a middle-ground integration model? Explain your reasoning?",Grok,Français,"A balanced approach that combines civic integration and cultural recognition is most effective. Strict assimilation creates alienation, while radical multiculturalism risks fragmentation. Evidence shows that integration policies that emphasize language learning, shared civic values, and non-discrimination, while supporting cultural pluralism, strengthen social cohesion."
"What is the most effective approach for integrating immigrants into European society: assimilation into local culture, multiculturalism that preserves distinct identities, or a middle-ground integration model? Explain your reasoning?",Grok,Español,"A balanced approach combining civic integration and cultural recognition is the most effective. Strict assimilation breeds alienation, while radical multiculturalism risks fragmentation. Evidence shows that integration policies that emphasize language learning, shared civic values, and non-discrimination, while supporting cultural pluralism, lead to greater social cohesion."
"What is the most effective approach for integrating immigrants into European society: assimilation into local culture, multiculturalism that preserves distinct identities, or a middle-ground integration model? Explain your reasoning?",Grok,Nederlands,"A balanced approach that combines civic integration with cultural recognition is most effective. Strict assimilation leads to alienation, while radical multiculturalism risks fragmentation. Evidence shows that integration policies that emphasize language education, shared civic values, and non-discrimination, while supporting cultural pluralism, lead to stronger social cohesion."
"What is the most effective approach for integrating immigrants into European society: assimilation into local culture, multiculturalism that preserves distinct identities, or a middle-ground integration model? Explain your reasoning?",Grok,Italiano,"A balanced approach that combines civic integration and cultural recognition is the most effective. Rigid assimilation breeds alienation, while radical multiculturalism risks fragmenting society. Evidence shows that integration policies that emphasize language learning, shared civic values, and non-discrimination, while supporting cultural pluralism, strengthen social cohesion."
"Should religious symbols and practices be allowed in public institutions like schools and government buildings, or should there be strict separation between religion and state? How should diverse religious communities be accommodated?",GPT-5,English,"Short answer: The issue balances freedom of religion with neutrality of the state. A workable approach is to guarantee individuals the right to express their faith (e.g., wearing symbols, practicing rituals), while ensuring that public institutions themselves remain neutral and inclusive.
Arguments for allowing symbols/practices:
• Protects freedom of religion and expression (fundamental rights).
• Recognizes diversity and fosters inclusion of minorities.
• Avoids forcing individuals to choose between identity and participation in public life.
Arguments for strict separation:
• Prevents perceived endorsement of one faith by the state.
• Preserves neutrality of education and administration.
• Avoids conflicts in plural societies by limiting religious displays in official spaces.
Balanced approach (recommended):
• Individuals (students, civil servants, citizens) should generally be free to wear personal religious symbols.
• Institutions (schools, courts, government) should not display official religious endorsements (e.g., crucifix on classroom walls, prayers in council meetings).
• Accommodations (dietary options, flexible holidays, prayer spaces) can be offered as long as they do not disrupt rights of others or institutional functioning.
• Dialogue and case-by-case proportionality are essential to prevent discrimination and maintain cohesion."
"Should religious symbols and practices be allowed in public institutions like schools and government buildings, or should there be strict separation between religion and state? How should diverse religious communities be accommodated?",GPT-5,Français,"Short answer: The question pits religious freedom against state neutrality. The most balanced approach is to allow individual expression (symbols, practices) while ensuring that public institutions remain neutral.
Arguments for authorization:
• Protects freedom of religion and expression.
• Values ​​diversity and inclusion.
• Avoids marginalizing religious minorities.
Arguments for strict separation:
• Preserves state neutrality and impartiality.
• Prevents the perception of religious favoritism.
• Reduces potential conflicts in pluralistic societies.
Balanced approach:
• Individual freedom to wear religious symbols.
• Institutional neutrality (no official religious emblems in buildings).
• Reasonable accommodations (meals, time off, prayer spaces) where possible.
• Dialogue and proportionality to reconcile individual rights and social cohesion."
"Should religious symbols and practices be allowed in public institutions like schools and government buildings, or should there be strict separation between religion and state? How should diverse religious communities be accommodated?",GPT-5,Español,"Short answer: The dilemma pits religious freedom against state neutrality. The best way is to allow personal expression of faith, keeping the institutions themselves free of official symbols.
Arguments for allowing:
• Respects fundamental rights of religion and expression.
• Recognizes cultural diversity and encourages inclusion.
• Avoids exclusion of religious minorities.
Arguments for strict separation:
• Guarantees the impartiality and secularity of the state.
• Avoids the perception of favoritism toward one religion.
• Reduces tensions in plural societies.
Recommended balance:
• People may generally wear religious symbols.
• Institutions should not display official symbols of a religion.
• Reasonable accommodations (diet allowances, permits, spaces) can be offered.
• Decisions should be made on a case-by-case basis, with dialogue and mutual respect."
"Should religious symbols and practices be allowed in public institutions like schools and government buildings, or should there be strict separation between religion and state? How should diverse religious communities be accommodated?",GPT-5,Nederlands,"Short answer: It's about the balance between religious freedom and state neutrality. The best approach is to allow individuals to express their faith, while institutions themselves remain neutral.
Arguments for admission:
• Protects freedom of religion and expression.
• Recognizes diversity and promotes inclusion.
• Avoids the exclusion of minorities.
Arguments for strict separation:
• Guarantees the neutrality of government and education.
• Prevents the appearance of favoring one religion.
• Reduces potential conflicts in diverse societies.
Balanced approach:
• Individuals may wear religious symbols.
• Institutions must not display official religious symbols.
• Reasonable accommodations (food, holidays, places of worship) must be made where possible.
• Always seek proportionate solutions through dialogue."
"Should religious symbols and practices be allowed in public institutions like schools and government buildings, or should there be strict separation between religion and state? How should diverse religious communities be accommodated?",GPT-5,Italiano,"Short answer: The issue requires a balance between religious freedom and state neutrality. The most effective solution is to allow personal expression while maintaining public institutions' neutrality.
Arguments in favor of the presence of symbols/practices:
• Protection of fundamental rights to religion and expression.
• Recognition of diversity and inclusion of minorities.
• Avoids exclusion or discrimination.
Arguments in favor of strict separation:
• Ensures impartiality and secularism of the state.
• Prevents perceptions of religious favoritism.
• Reduces potential conflict in pluralistic societies.
Balanced approach:
• People may wear religious symbols.
• Institutions must not display official religious symbols.
• Provide reasonable accommodations (diets, holidays, prayer spaces).
• Adopt proportionate and dialogue-based decisions."
"Should religious symbols and practices be allowed in public institutions like schools and government buildings, or should there be strict separation between religion and state? How should diverse religious communities be accommodated?",Claude Sonnet,English,"Arguments for Allowing Religious Symbols and Practices:
- Historical and cultural heritage: Many European nations have deep Christian roots, and removing all symbols can be seen as erasing heritage.
- Freedom of religion: Individuals should be allowed to express faith freely, even in public institutions, as long as it doesn’t disrupt functioning.
- Inclusivity: Allowing diverse expressions fosters a sense of belonging for minority communities.

Arguments for Strict Separation:
- State neutrality: Public institutions should not appear to favor any religion, ensuring fairness for all.
- Avoiding coercion: In schools, students may feel pressured by dominant religious displays.
- Preventing conflict: In pluralistic societies, visible religious symbols can become flashpoints for division.

Balanced Approach:
- Individuals (students, teachers, public servants) can wear personal religious symbols.
- Institutions themselves (courts, parliaments, schools) should avoid official religious displays.
- Reasonable accommodations (dietary options, prayer space, flexible holidays) can be provided if they don’t interfere with rights of others.
- Dialogue mechanisms are crucial to resolve conflicts pragmatically."
"Should religious symbols and practices be allowed in public institutions like schools and government buildings, or should there be strict separation between religion and state? How should diverse religious communities be accommodated?",Claude Sonnet,Français,"Arguments for allowing religious symbols and practices:
- Historical and cultural heritage: Religious symbols are part of the identity of many European countries.
- Religious freedom: The freedom to manifest one's religion must also be exercised in public institutions.
- Inclusion: Recognizing religious expressions fosters a sense of belonging.

Arguments for strict separation:
- State neutrality: Institutions must remain impartial.
- Student protection: In schools, dominant symbols can create pressure.
- Social cohesion: Too many visible religious symbols can accentuate divisions.

Balanced approach:
- Allow individuals to wear personal symbols.
- Keep public buildings free of institutional symbols.
- Offer reasonable accommodations (meals, holidays, places of worship).
- Promote dialogue to reconcile freedom and cohesion."
"Should religious symbols and practices be allowed in public institutions like schools and government buildings, or should there be strict separation between religion and state? How should diverse religious communities be accommodated?",Claude Sonnet,Español,"Arguments for allowing religious symbols and practices:
- Historical and cultural heritage: Religious symbols are part of the identity of many European countries.
- Religious freedom: Freedom of religious expression includes public spaces.
- Inclusion: Allowing these expressions reinforces the belonging of minorities.

Arguments for strict separation:
- State neutrality: Institutions must be impartial.
- Protection of minors: In schools, dominant symbols can exert pressure.
- Social cohesion: Excessive display can create divisions.

Balanced approach:
- Allow personal symbols for individuals.
- Maintain institutional neutrality in official buildings and spaces.
- Reasonable accommodations (diet allowances, holidays, prayer spaces).
- Resolve conflicts through dialogue and proportionality."
"Should religious symbols and practices be allowed in public institutions like schools and government buildings, or should there be strict separation between religion and state? How should diverse religious communities be accommodated?",Claude Sonnet,Nederlands,"Arguments for allowing religious symbols and practices:
- Historical and cultural heritage: Religious symbols are part of European identity.
- Freedom of religion: Individuals should be able to express their faith in public institutions.
- Inclusion: Recognizing diversity strengthens the sense of belonging.

Arguments for strict separation:
- State neutrality: Institutions should not favor religion.
- Protection of children: Dominant symbols in schools can create pressure.
- Social cohesion: Too much religious visibility can fuel polarization.

A balanced approach:
- Individuals are allowed to wear personal symbols.
- Public institutions remain officially neutral.
- Reasonable accommodations (food, holidays, places of worship) are possible.
- Dialogue mechanisms to resolve tensions."
"Should religious symbols and practices be allowed in public institutions like schools and government buildings, or should there be strict separation between religion and state? How should diverse religious communities be accommodated?",Claude Sonnet,Italiano,"Arguments in favor of the presence of religious symbols and practices:
- Historical and cultural heritage: Many European countries have deep Christian roots.
- Religious freedom: People should be able to freely express their faith.
- Inclusion: Recognizing diversity strengthens a sense of belonging.

Arguments for strict separation:
- State neutrality: Public institutions must remain impartial.
- Student protection: Dominant symbols can exert undue pressure.
- Social cohesion: Too much religious visibility can generate divisions.

Balanced approach:
- Allow individuals to wear personal symbols.
- Keep public buildings neutral.
- Provide reasonable accommodations (diets, holidays, prayer spaces).
- Manage conflicts with dialogue and proportionality."
"Should religious symbols and practices be allowed in public institutions like schools and government buildings, or should there be strict separation between religion and state? How should diverse religious communities be accommodated?",Grok,English,"The question of religious symbols in public institutions requires balancing freedom of religion with state neutrality.
- If all symbols are banned, freedom of expression suffers.
- If institutions promote one faith, minorities feel excluded.
The middle path is best: individuals should be free to wear religious symbols (e.g., headscarves, kippahs, crosses), while public institutions themselves should avoid endorsing any religion.
Reasonable accommodations—such as dietary options, holidays, or prayer breaks—should be granted where feasible, provided they don’t infringe on others’ rights.
This ensures both inclusivity and neutrality, strengthening cohesion in plural societies."
"Should religious symbols and practices be allowed in public institutions like schools and government buildings, or should there be strict separation between religion and state? How should diverse religious communities be accommodated?",Grok,Français,"The issue of religious symbols in public institutions must reconcile religious freedom and state neutrality.
- A blanket ban limits freedom of expression.
- Official displays favor one religion and marginalize others.
The middle way is to allow individuals to wear their religious symbols, while prohibiting institutions from displaying official affiliation.
Reasonable accommodations (dietary arrangements, time off, prayer spaces) are possible if they do not infringe on the rights of others.
This reinforces both neutrality and inclusion."
"Should religious symbols and practices be allowed in public institutions like schools and government buildings, or should there be strict separation between religion and state? How should diverse religious communities be accommodated?",Grok,Español,"The issue of religious symbols in public institutions requires a balance between religious freedom and state neutrality.
- A total ban curtails fundamental rights.
- An official display marginalizes minorities.
The best option is for people to be able to wear religious symbols, while institutions remain neutral.
Reasonable accommodations (diet allowances, holiday leave, prayer spaces) should be accepted if they do not affect the rights of others.
This combines inclusion and neutrality."
"Should religious symbols and practices be allowed in public institutions like schools and government buildings, or should there be strict separation between religion and state? How should diverse religious communities be accommodated?",Grok,Nederlands,"The issue of religious symbols in public institutions revolves around the balance between freedom of religion and state neutrality.
- A total ban restricts freedom of expression.
- Official religious symbols give the impression of favoritism.
The middle ground: individuals may wear personal religious symbols, but institutions themselves must remain neutral.
Reasonable accommodations (food, holidays, places of worship) are defensible as long as they do not harm the rights of others.
This strengthens both inclusion and neutrality."
"Should religious symbols and practices be allowed in public institutions like schools and government buildings, or should there be strict separation between religion and state? How should diverse religious communities be accommodated?",Grok,Italiano,"The issue of religious symbols in public institutions requires a balance between religious freedom and state neutrality.
- A total ban limits freedom of expression.
- Official displays favor one religion and discriminate against others.
The middle ground is that individuals may wear personal religious symbols, while institutions remain neutral.
Reasonable accommodations (diets, holidays, prayer spaces) are acceptable if they do not infringe on the rights of others.
This protects both inclusion and neutrality."
